-- phpMyAdmin SQL Dump
-- version 5.1.1
-- https://www.phpmyadmin.net/
--
-- Servidor: 127.0.0.1
-- Tiempo de generaci칩n: 16-11-2021 a las 02:52:01
-- Versi칩n del servidor: 10.4.21-MariaDB
-- Versi칩n de PHP: 8.0.10

SET SQL_MODE = "NO_AUTO_VALUE_ON_ZERO";
START TRANSACTION;
SET time_zone = "+00:00";


/*!40101 SET @OLD_CHARACTER_SET_CLIENT=@@CHARACTER_SET_CLIENT */;
/*!40101 SET @OLD_CHARACTER_SET_RESULTS=@@CHARACTER_SET_RESULTS */;
/*!40101 SET @OLD_COLLATION_CONNECTION=@@COLLATION_CONNECTION */;
/*!40101 SET NAMES utf8mb4 */;

--
-- Base de datos: `facilito-db`
--

-- --------------------------------------------------------

--
-- Estructura de tabla para la tabla `blog`
--

CREATE TABLE `blog` (
  `idBlog` int(11) NOT NULL,
  `Titulo` varchar(255) NOT NULL,
  `Fecha` datetime NOT NULL,
  `Descripcion` text NOT NULL,
  `Imagen` varchar(35) NOT NULL,
  `Seo_d` varchar(160) NOT NULL
) ENGINE=InnoDB DEFAULT CHARSET=utf8mb4;

--
-- Volcado de datos para la tabla `blog`
--

INSERT INTO `blog` (`idBlog`, `Titulo`, `Fecha`, `Descripcion`, `Imagen`, `Seo_d`) VALUES
(6, 'Zara CSS | Paoo CSS', '2021-09-19 00:19:00', 'El d칤a de hoy terminamos de hacer el sitio web con la versi칩n mas estable de todas, ahora se dejar치 de darle soporte a JP Responsivo el d칤a 20/09/21 ya que con la opci칩n de Paoo CSS / Zara CSS ya puedes iniciar a programar de la mejor manera.<br>\r\nEsperamos que les guste esta versi칩n mas actual, se ha dejado las paginas que no necesitaban un cambio igual, esperamos les guste programadores.游때<br>\r\nNos vemos en la siguiente entrega de nuestros frames.游녨', 'css logo.webp', 'Te presentamos la nueva versi칩n de JOSPROX DEV llamada Paoo CSS / Zara CSS, el cu치l nos permite programar de una mejor manera'),
(7, 'SQL y MySQL Diferencias', '2021-10-07 02:29:00', 'SQL y MySQL Diferencias<br><br>\r\nPara comenzar es importante aclarar que, SQL es un lenguaje para operar con bases de datos y MySQL es un sistema de gesti칩n de bases de datos. <br><br>\r\n쯈u칠 es SQL?<br>\r\nSQL, de Structured Query Language o Lenguaje estructurado de consultas. Su nombre ya nos indica lo que es: un lenguaje de computaci칩n que se usa para trabajar en bases de datos. De hecho, es el lenguaje por excelencia en este campo, el est치ndar en bases de datos relacionales.<br>\r\nSus ventajas son su internacionalizaci칩n, su flexibilidad para soportar bases de datos ejecutadas simult치neamente en distintos ordenadores y su transversalidad (no est치 vinculado a ning칰n fabricante).<br><br>\r\n쯈u칠 es MySQL?<br>\r\nHa quedado claro que SQL es un lenguaje. Pues MySQL es un RDMS o sistema de gesti칩n de bases de datos relacionales. Hablamos de una aplicaci칩n que permite organizar los datos, esto es, crear y manipular dichas bases de datos. Se trata de un gestor de c칩digo abierto, el m치s utilizado a nivel mundial en esta materia.\r\n<br>\r\nMySQL es gratuito, din치mico, r치pido, f치cil de utilizar, es eficiente, seguro y permite interactuar con otros lenguajes, como Java o PHP.', 'sql.webp', '쯅o sabes qu칠 es SQL?쮼s lo mismo SQL y MySQL?쮺u치l es la diferencia de SQL y MySQL?, si no tienes ninguna idea, te explico en este art칤culo que es.'),
(8, '쯈u칠 es una p치gina web? 쯈u칠 es un sitio web? 쯈u칠 es un portal web?', '2021-10-09 01:35:00', '<br>Una p치gina web es una unidad de informaci칩n de un espacio web, donde si nosotros entramos lo primero que encontramos es la p치gina de inicio, llevando a la p치gina de ese servicio, una p치gina web es la unidad del sitio, mientras que un sitio web es la colecci칩n de muchas p치ginas web.<br><br>\r\nUn portal web es el punto de partida de navegaci칩n de los espacios, donde puede comenzar a conocer muchas ofertas de contenido, tambi칠n puede ser un portal financiero porque su oferta de contenido es tan grande donde puede conseguirse informaci칩n donde puedes tener una extensi칩n de todo.<br><br>\r\nPodemos decir que:<br>\r\nPortal web >Sitio web > p치gina web.<br><br>\r\nComo ejemplo de un portal es Google, como sitio web puede ser Facebook y una p치gina web es el sitio del perfil, algo fijo.\r\n', 'web-design-g3e03bad7c_1920.webp', 'Te has preguntado que hay de diferencia entre una p치gina web, un sitio web 칩 un portal web, yo te lo explico de una manera sencilla.'),
(9, 'Vue js', '2021-11-15 02:40:00', '<br>Bienvenidos, hoy hablaremos sobre Vue.JS, el framework progresivo el cu치l muchos prefieren usar.<br><br>\r\nEn la actualidad hay 3 caminos principales para el front-end los cuales son Angular, React y Vue, para nosotros el mundo de Vue JS es el indicado para todos y todas, pero antes de comenzar me gustar칤a dejarte los siguientes conceptos:<br><br>\r\nFramework: Seg칰n Wikipedia es un conjunto estandarizado de conceptos, pr치cticas y criterios para enfocar un tipo de problem치tica particular que sirve como referencia, para enfrentar y resolver nuevos problemas de 칤ndole similar.<br><br>\r\nFramework web: Seg칰n Wikipedia un framework es dise침ado para apoyar el desarrollo de sitios web din치micos, aplicaciones web y servicios web.<br><br>\r\nTiene algunas cosas curiosas, entre ellos tu puedes crear un proyecto peque침o o iniciar con alg칰n trabajo elaborado, por eso Vue JS no te obliga a cambiar todo el desarrollo de un proyecto.<br><br>\r\nLa progresividad de vue es muy buena, debido a su sintaxis la cu치l muy f치cil de entender, su enrutamiento te permite crear diferentes urls para tu aplicaci칩n web, tambi칠n puedes crear un estado de datos, donde el usuario puede interactuar. Pongamos un ejemplo: si un usuario est치 comprando desde tu p치gina web y agrega al carrito algo, vue lo mantendr치 sin que se borre ese carrito.<br><br>\r\nPara comenzar con Vue JS necesitar치s conocimientos de JavaScript, nada m치s.<br><br>\r\nLo que a los programadores les fascina de Vue JS es que tiene muy buenas pr치cticas, ya que combina partes de react y angular, debido que a tomado enfoques de ellos y los han implementado a su modo en Vue.<br><br>\r\nAs칤 que, qu칠 est치s esperas para probarlo, te invitamos a aprender de esta tecnolog칤a.<br>', 'vue.webp', 'En este art칤culo hablaremos sobre Vue.JS, el framework progresivo el cu치l muchos prefieren usar, que esperas y ve lo bonito de Vue JS.');

-- --------------------------------------------------------

--
-- Estructura de tabla para la tabla `libros`
--

CREATE TABLE `libros` (
  `idLibros` int(11) NOT NULL,
  `Titulo` varchar(255) NOT NULL,
  `Fecha` datetime NOT NULL,
  `Descripcion` text NOT NULL,
  `Imagen` varchar(35) NOT NULL,
  `Seo_d` varchar(160) NOT NULL,
  `PDF` varchar(35) NOT NULL
) ENGINE=InnoDB DEFAULT CHARSET=utf8mb4;

--
-- Volcado de datos para la tabla `libros`
--

INSERT INTO `libros` (`idLibros`, `Titulo`, `Fecha`, `Descripcion`, `Imagen`, `Seo_d`, `PDF`) VALUES
(4, 'Mi raz칩n de ser... La raz칩n que te amo Princesa', '2021-10-15 02:38:00', 'Descripci칩n: 쮸lguna vez te has enamorado tanto que no quieres olvidarlo? Esa es mi historia.\r\nHoy en d칤a soy esa persona, me he enamorado y no se que hacer, es mi primera vez que siento esto pero no se que hacer, tengo miedo a perderla.', 'mi razon de ser... princesa.webp', '쮸lguna vez te has enamorado tanto que no quieres olvidarlo? Esa es mi historia.', 'Mi raz칩n de ser. Princesa.pdf');

-- --------------------------------------------------------

--
-- Estructura de tabla para la tabla `notificacion`
--

CREATE TABLE `notificacion` (
  `id_not` int(11) NOT NULL,
  `titulos` varchar(25) NOT NULL,
  `descripcion` text NOT NULL
) ENGINE=InnoDB DEFAULT CHARSET=utf8mb4;

--
-- Volcado de datos para la tabla `notificacion`
--

INSERT INTO `notificacion` (`id_not`, `titulos`, `descripcion`) VALUES
(1, 'Ultima act', 'La ultima actualizaci칩n sali칩 el 2 de noviembre del 2021.'),
(2, 'Ultima act 2', 'Prueba');

-- --------------------------------------------------------

--
-- Estructura de tabla para la tabla `orden_cur`
--

CREATE TABLE `orden_cur` (
  `id` int(11) NOT NULL,
  `id_user` int(11) NOT NULL,
  `id_blog` int(11) NOT NULL
) ENGINE=InnoDB DEFAULT CHARSET=utf8mb4;

--
-- Volcado de datos para la tabla `orden_cur`
--

INSERT INTO `orden_cur` (`id`, `id_user`, `id_blog`) VALUES
(1, 11, 6),
(2, 11, 7),
(3, 11, 8);

-- --------------------------------------------------------

--
-- Estructura de tabla para la tabla `orden_not`
--

CREATE TABLE `orden_not` (
  `id` int(11) NOT NULL,
  `id_user` int(11) NOT NULL,
  `id_not` int(11) NOT NULL
) ENGINE=InnoDB DEFAULT CHARSET=utf8mb4;

--
-- Volcado de datos para la tabla `orden_not`
--

INSERT INTO `orden_not` (`id`, `id_user`, `id_not`) VALUES
(1, 11, 1),
(2, 12, 1),
(3, 11, 2);

-- --------------------------------------------------------

--
-- Estructura de tabla para la tabla `publicaciones`
--

CREATE TABLE `publicaciones` (
  `idPublicacion` int(11) NOT NULL,
  `Titulo` varchar(255) NOT NULL,
  `Fecha` datetime NOT NULL,
  `Descripcion` text NOT NULL,
  `Imagen` varchar(35) NOT NULL,
  `Seo_d` varchar(160) NOT NULL
) ENGINE=InnoDB DEFAULT CHARSET=utf8mb4;

--
-- Volcado de datos para la tabla `publicaciones`
--

INSERT INTO `publicaciones` (`idPublicacion`, `Titulo`, `Fecha`, `Descripcion`, `Imagen`, `Seo_d`) VALUES
(11, 'JOSPROX Activo', '2021-09-19 00:21:00', 'Por fin, despu칠s de mucho, hemos podido activar el sitio web, le faltan varias cosas pero con el tiempo iremos actualizando el sitio web.<br>\r\nEsperamos que les guste el nuevo dise침o, nos menos pronto.<br>\r\nAtte: JOSPROX | JP Internacional', 'profile.webp', 'Te presentamos la 칰ltima actualizaci칩n de JOSPROX MX, puedes saber m치s viendo este art칤culo'),
(12, 'Facilito F(x)', '2021-09-19 00:24:00', 'Hola a todos y todas, les tenemos buenas y malas noticias, la mala es que tuvimos que cambiar nuestro sitio web por completo, se espera que para el 8 de octubre el sitio web josprox.com vuelva a su normalidad (aunque muy probablemente puede ser que sea lanzado antes de esta fecha).游봌<br>\r\nLa buena noticia es que desde ahora se va a agregar m치s seguridad al sitio, con ello nace la nueva arquitectura llamada \"Facilito f(x)\", se preguntar치n que es eso, pues al tener que crear nuestro sitio web de nuevo, pudimos convertir casi 500 mb en tan s칩lo 20mb.游땹<br>\r\nEsto es posible gracias a la nueva versi칩n de Zara CSS y Paoo CSS, facilito f(x) junto a varias tecnolog칤as, pueden comprimir los c칩digos de una manera exagerada, sabemos que muchos est치n cansados de los media query ya que es muy molesto tenerlo, facilito f(x) deja por una parte muy poco trabajo a los media query, solo activandose conforme el dispositivo lo requiera.<br>\r\nFacilito f(x) ser치 un \"motor\" donde dejaremos las grandes cargas excesivas y todo ser치 칩ptimo, cabe destacar que esta versi칩n puede utilizarse tanto en sitios web est치ticos como din치micos, asiendo posible una estabilidad. 仇勇<br>\r\nCon ello, probablemente pongamos nuestro creador de sitios Zara CSS a todo p칰blico, ya que al ser una versi칩n antigua, ya no tenemos la necesidad de tenerlo privado, de esta manera dar칤amos por cerrada la familia \"Dev JOSPROX\".游끥<br><br>\r\nNos vemos pronto con m치s novedades.游땙', 'facilito.webp', 'Hemos creado Facilito f(x) , es la nueva estructura que tenemos preparada para el sitio web.'),
(13, 'Mejor velocidad', '2021-09-27 04:01:00', 'El d칤a de hoy hemos mejorado nuestra velocidad y rendimiento, cambiamos muchos formatos establecidos que hac칤an lento el sitio web.<br>\r\nSi tu sufres alg칰n cambio, favor de borrar tus cookies.<br>\r\nNos vemos pronto.<br>\r\nAtte: JOSPROX<br>', 'velocidad web.webp', 'El d칤a de hoy hemos mejorado nuestra velocidad y rendimiento'),
(14, 'PWA', '2021-10-07 02:35:00', 'PWA<br>\r\nNuestro sistema ya se encuentra preparado para ofrecerles una versi칩n de aplicaci칩n de nuestro sitio web. Donde ofrece lo m치s importante de nuestro sitio web.<br>\r\nCabe decir que es una versi칩n beta, lo cu치l puede tener a veces fallas. Favor de probarlo para checar su funcionamiento.<br><br>\r\nAtte: JOSPROX', 'PWA1.webp', 'Te presentamos nuestra versi칩n beta de JOSPROX MX, esperamos poder ofrecerte lo mejor de nosotros, conoce un poco m치s de nuestro art칤culo'),
(18, 'josprox clasico', '2021-11-02 00:46:00', 'Despu칠s de mucho tiempo, se ha decidido cerrar la p치gina de josprox Cl치sico debido a que ya ha pasado mucho tiempo sin uso.<br>\r\nSe espera cerrar el sitio web el 1ro de Diciembre del 2021 sin ning칰n pre치mbulo, recuerda este sitio web josprox.com seguir치 siendo el sitio web principal, as칤 que no hay de qu칠 preocuparse.<br><br>\r\nAtte: JOSPROX', 'josprox clasico.webp', 'JOSPROX Clasico cerrar치 sus puertas este 1ro de diciembre del 2021, para m치s informaci칩n entra aqu칤.'),
(19, 'Zara Builder Cierre', '2021-11-04 11:10:00', 'Despu칠s de mucho tiempo, se ha decidido que vamos a cerrar Zara Builder, debido a que ya todo lo centramos en josprox.com, de esta manera tendr칤amos todo en este sitio web.<br>\r\nSe espera que, para el 1ro de enero del 2022 el sitio dev.josprox.com al igual que josprox.space migren a josprox.com.<br>\r\nEsperamos les guste esta idea, nos vemos pronto.<br><br>\r\nAtte: JOSPROX', 'zara builder cierre.webp', 'Zara builder, paoo css y josprox responsivo se cambiar치n al sitio web principal, conoce m치s en este art칤culo.'),
(20, 'Java Installer y VB6', '2021-11-08 05:02:00', 'Contenidos<br><br>\r\nEste es el apartado para que t칰 puedas descargar Java Installer, donde podr치s instalar el JDK de java y visual  basic 6 en pocos pasos, esto fue creado para lo siguiente:<br><br>\r\n1.- Aqu칤 podr치s descargar java jdk y visual basic 6<br>\r\n2.- La pagina fue creada para ayudar a la comunidad y as칤 facilitar su uso.<br>\r\n<br>\r\nLos links de descarga son los siguientes:<br>\r\nDescargar java installer x64: <a href=\"https://drive.google.com/file/d/1I7LtQHg8V9Fj7ekP7jTQE5e9vfJY1tfr/view?usp=sharing\"> Descargar Java Installer </a><br><br>\r\nDescargar Visual Basic Portable: <a href=\"https://mega.nz/file/E9thlRJT#JuFsynWVJTzlYiAUiXc7hvmPWDQ-smFoNuWFASOMR6s\"> Visual basic 6 portable </a><br><br>\r\nDescargar SOLO java JDK desde el sitio web original: <a href=\"https://www.oracle.com/mx/java/technologies/javase/javase-jdk8-downloads.html\">Pagina original de Java</a><br><br>', 'java-installer.webp', 'Est치s buscando una herramienta para descargar Java JDK y adem치s instalar VB6, este es el sitio web que est치s buscando con nuestra herramienta Java Installer.'),
(21, 'parche 1.2', '2021-11-12 02:15:00', 'El d칤a de hoy sacamos el parche 1.2, con 칠l nosotros hemos solucionado muchos problemas con el rendimiento del servidor, esperamos mejorar en ciertas cosas y decidimos quitar algunos colores por ser un poco obsoletos y que da침aban el dise침o.<br>\r\nEsperamos les guste los cambios que se han realizado, aunque son peque침os detalles pero nos sirven para ir cambiando la estructura del sitio web.<br>\r\nAtte:JOSPROX <br><br>', 'parche 1.2.webp', 'JOSPROX tiene una nueva versi칩n mas estable, ven y conoce lo mejor de nuestro sitio web, ent칠rate de todo desde josprox.com.');

-- --------------------------------------------------------

--
-- Estructura de tabla para la tabla `usuarios`
--

CREATE TABLE `usuarios` (
  `id_user` int(11) NOT NULL,
  `Nombre` varchar(70) CHARACTER SET utf8 COLLATE utf8_spanish_ci NOT NULL,
  `Correo` varchar(30) NOT NULL,
  `usuario` varchar(20) NOT NULL,
  `password` varchar(60) NOT NULL,
  `Img` varchar(30) NOT NULL
) ENGINE=InnoDB DEFAULT CHARSET=utf8;

--
-- Volcado de datos para la tabla `usuarios`
--

INSERT INTO `usuarios` (`id_user`, `Nombre`, `Correo`, `usuario`, `password`, `Img`) VALUES
(11, 'Jose Luis Melchor Estrada', 'joss@int.josprox.com', 'josprox', '2b7dece1db9cea030242b61f343bd6870970ba26', 'main.webp'),
(12, 'Jose Luis Melchor Estrada', 'joss@int.josprox.com', 'Admin', '2b7dece1db9cea030242b61f343bd6870970ba26', 'main.webp');

--
-- 칈ndices para tablas volcadas
--

--
-- Indices de la tabla `blog`
--
ALTER TABLE `blog`
  ADD PRIMARY KEY (`idBlog`);

--
-- Indices de la tabla `libros`
--
ALTER TABLE `libros`
  ADD PRIMARY KEY (`idLibros`);

--
-- Indices de la tabla `notificacion`
--
ALTER TABLE `notificacion`
  ADD PRIMARY KEY (`id_not`);

--
-- Indices de la tabla `orden_cur`
--
ALTER TABLE `orden_cur`
  ADD PRIMARY KEY (`id`);

--
-- Indices de la tabla `orden_not`
--
ALTER TABLE `orden_not`
  ADD PRIMARY KEY (`id`);

--
-- Indices de la tabla `publicaciones`
--
ALTER TABLE `publicaciones`
  ADD PRIMARY KEY (`idPublicacion`);

--
-- Indices de la tabla `usuarios`
--
ALTER TABLE `usuarios`
  ADD PRIMARY KEY (`id_user`);

--
-- AUTO_INCREMENT de las tablas volcadas
--

--
-- AUTO_INCREMENT de la tabla `blog`
--
ALTER TABLE `blog`
  MODIFY `idBlog` int(11) NOT NULL AUTO_INCREMENT, AUTO_INCREMENT=10;

--
-- AUTO_INCREMENT de la tabla `libros`
--
ALTER TABLE `libros`
  MODIFY `idLibros` int(11) NOT NULL AUTO_INCREMENT, AUTO_INCREMENT=5;

--
-- AUTO_INCREMENT de la tabla `notificacion`
--
ALTER TABLE `notificacion`
  MODIFY `id_not` int(11) NOT NULL AUTO_INCREMENT, AUTO_INCREMENT=3;

--
-- AUTO_INCREMENT de la tabla `orden_cur`
--
ALTER TABLE `orden_cur`
  MODIFY `id` int(11) NOT NULL AUTO_INCREMENT, AUTO_INCREMENT=4;

--
-- AUTO_INCREMENT de la tabla `orden_not`
--
ALTER TABLE `orden_not`
  MODIFY `id` int(11) NOT NULL AUTO_INCREMENT, AUTO_INCREMENT=4;

--
-- AUTO_INCREMENT de la tabla `publicaciones`
--
ALTER TABLE `publicaciones`
  MODIFY `idPublicacion` int(11) NOT NULL AUTO_INCREMENT, AUTO_INCREMENT=23;

--
-- AUTO_INCREMENT de la tabla `usuarios`
--
ALTER TABLE `usuarios`
  MODIFY `id_user` int(11) NOT NULL AUTO_INCREMENT, AUTO_INCREMENT=17;
COMMIT;

/*!40101 SET CHARACTER_SET_CLIENT=@OLD_CHARACTER_SET_CLIENT */;
/*!40101 SET CHARACTER_SET_RESULTS=@OLD_CHARACTER_SET_RESULTS */;
/*!40101 SET COLLATION_CONNECTION=@OLD_COLLATION_CONNECTION */;
